{
    "948386383502901249": {
        "accessToken": "MVOsREwtnEtswzR7FM82J5WWrbgYLt",
        "refreshToken": "BD2LqjFYyw2omXAaeP9QoxUkwihA2V",
        "email": "hade12as12345@gmail.com"
    },
    "1071520174831833138": {
        "accessToken": "YrJBwi9BuVB8Oq5Kg3Xiz9WtkHJadK",
        "refreshToken": "DErVgL9gXLoH4o2tC3wuiBMRRm3pXD",
        "email": "laethazen100200@gmail.com"
    },
    "1118114943066189826": {
        "accessToken": "7Rmlw78zFSgcUhxS6HkpSN6T3wN1Rm",
        "refreshToken": "24JEnm17auRIYeyiw4kAOqg5Xu8ynb",
        "email": "laetnitro@gmail.com"
    },
    "999347176289341491": {
        "accessToken": "I0V98KHmMblirH0s8NHOXMp8mEs8Dm",
        "refreshToken": "4XbUvaa9G4iNWsJ3SBCi2dfdDnTWP3",
        "email": "hamedassaf55@gmail.com"
    },
    "1012359584943456338": {
        "accessToken": "7prMHKhLPxmDEpZ9pSJ1Ax5QtXe79O",
        "refreshToken": "UyIEZI7ZtODMQPGgBASUuuYEy4qcQp",
        "email": "mokrsgampn@gmail.com"
    },
    "1200506359561588788": {
        "accessToken": "I9OOzNQvRfQ25amUIN8z3K1fUHnYcf",
        "refreshToken": "xXtOLs13IiFDIBeFvic2jnhxVhsdfO",
        "email": "urikatak78@gmail.com"
    },
    "1224680793952092262": {
        "accessToken": "brar4OVpnOj8ZzPjI1sMmZllTwYDMj",
        "refreshToken": "T7P5gWMYTqNI7G4ltwS0IuhqJO73x7",
        "email": "aksjsjwjebej@gmail.com"
    },
    "1122192880992264262": {
        "accessToken": "M3PbajsAz8uUWpZXEODafl5TCQlsot",
        "refreshToken": "Qo47LbUQ443lA5Ov5FzTRnw2f2FUoL",
        "email": "faresmohamed12569@gmail.com"
    },
    "1184917862796771369": {
        "accessToken": "HeXbSM7AV0YGAFQm4D0g5naZ26qcXB",
        "refreshToken": "ITkcGuQTalN2qKGmd12KrjDUH5tROY",
        "email": "fadel.benattia2008@gmail.com"
    },
    "1228343707905032212": {
        "accessToken": "XxJZXpMIK1JNP7czriwAQ4YtxWeDA1",
        "refreshToken": "laPF0DBF8RdEqMQXOkiJMBxwOiIKcF",
        "email": "ronaldo13476325@gmail.com"
    },
    "1205341286865969214": {
        "accessToken": "5HP2xv5WHIASywhxuESs0QB4p9Ek6r",
        "refreshToken": "Lvztl6fq6daGmKQhIxWdEy45IM6bvG",
        "email": "o4909318@gmail.com"
    },
    "831692613542608896": {
        "accessToken": "cGGDnaeq3YqNHEAV48PwpHQw4so2UV",
        "refreshToken": "UAnQezVnFzcF8hEZT980DXMdr1gozt",
        "email": "ahmedhhhtht1@gmail.com"
    },
    "1224093725001515081": {
        "accessToken": "wV1ydJtEIhk7AE3UkzPijrf0XLkGFb",
        "refreshToken": "OagE4RyQmBSFnYCrD1MHwVFXMGj6Po",
        "email": "moayedhimedi140@gmail.com"
    },
    "1225116877878071487": {
        "accessToken": "iBbvGJoTpwA69GJGVhS3x9O07YxQS7",
        "refreshToken": "mcLdtzHxA99ECcaiN18woV8TbOFPZU",
        "email": "vbva92710@gmail.com"
    },
    "1140445497304297493": {
        "accessToken": "hVsXopkWn81neHgTvkYHJsNphPbKDQ",
        "refreshToken": "23l2xmUX1zLPzhkaa3Rg5UkX51cb4m",
        "email": "437912@ga.aliefisd.net"
    },
    "1228460100201484410": {
        "accessToken": "WpZBMzIsgcdrnCHnYqdl2A2Xatkb4t",
        "refreshToken": "as4lROjbHTo1qAS57mOqGkwGknKB96",
        "email": "discordserver604@gmail.com"
    },
    "1155872976483393697": {
        "accessToken": "YpxrGuis76t2ImF0RQTUxbVXOPA1nr",
        "refreshToken": "JHasdeIDMNyd89He4h7VGzuYFxLjff",
        "email": "bwdybw19@gmail.com"
    }
}